No,URL
57,https://www.instagram.com/p/DO62-qwE9gJ/?igsh=MWRxcHlzeXcwdzRhaw==
58,https://www.instagram.com/p/DO9c3KyE-jw/?igsh=MWI3MzE2MGZveTBwcQ==
59,https://www.instagram.com/p/DPACOISE137/?igsh=bGdmcGlhcG4xeDFq
60,https://www.instagram.com/p/DPCnojOE4fO/?igsh=dWd5ZDdnZzY5bzQ2
61,https://www.instagram.com/p/DPFM_k6kwZF/?igsh=Ymt5d3E1a25wczh5
62,https://www.instagram.com/p/DPHreQ3E1oN/?igsh=aGp5Y2UzYnR6d2Fo
63,https://www.instagram.com/p/DPKUWYfkxOL/?igsh=djJsYWFrdGZtZXU=
64,https://www.instagram.com/p/DPM5oIQkxP9/?igsh=cTNwM3dsMjVoM3hu
66,https://www.instagram.com/p/DPSEaoJE-SN/?igsh=MW0zdnJsanVkcWsxbA==
67,https://www.instagram.com/p/DPUpQrbEzxT/?igsh=eXdjcnNjMnFhcW9y
68,https://www.instagram.com/p/DPXOkyoE0PF/?igsh=MXJ6N3o0M2UwcGM2eA==
69,https://www.instagram.com/p/DPZsgQcE7ko/?igsh=MXV5NGljYXB0NXE1cg==
72,https://www.instagram.com/p/DPhcFFxE4YL/?igsh=MXF3anhsMmFnanZtaQ==
73,https://www.instagram.com/p/DPkBYkqk1hj/?igsh=MW13Yng4eGc4enFvYg==
74,https://www.instagram.com/p/DPmmNLak0wq/?igsh=MTJ3em40YmFqemhyZw==
75,https://www.instagram.com/p/DPpLmBkk4DI/?igsh=Nmo1eG1oZGlqbXI5
76,https://www.instagram.com/p/DPrw36hE2yq/?igsh=aWRxbHVtZ2RwcTd6
77,https://www.instagram.com/p/DZ9XxX_k6Qm/?igsh=MTEwamd3ZW5zZjVvdw==
78,https://www.instagram.com/p/DPw7GOmk2Sj/?igsh=bzRmeTdjdWlscjI3
79,https://www.instagram.com/p/DPzgZo3E8mu/?igsh=MWdldzIxdDR2amx3bw==
80,https://www.instagram.com/p/DP2Fzy-kzrS/?igsh=ZGY2c2dxMjlhMDhy
82,https://www.instagram.com/p/DP7L_KEE2eh/?igsh=NTR1NnV6aW9hNWp4
83,https://www.instagram.com/p/DP9wNn3E3TX/?igsh=MXh3dXFuM3pvZmZpcA==
84,https://www.instagram.com/p/DQAaJEmk88h/?igsh=Zm44aWZiZzd1bHlp
85,https://www.instagram.com/p/DQDADXvE6GG/?igsh=M2x3bXAyZmtoMjll
86,https://www.instagram.com/p/DQFenOdExRf/?igsh=b2VqcTdiNDJhdmQz
87,https://www.instagram.com/p/DQIDZHdkyPo/?igsh=Y2pseGRzcTB6NzRt
88,https://www.instagram.com/p/DQKoskxE6Rw/?igsh=MTF2ODNtOHU2YW1hdA==
89,https://www.instagram.com/p/DQNPSMfE8NM/?igsh=OHpwMDVoams5bDdh
91,https://www.instagram.com/p/DQRtWAyk2or/?igsh=YWRkN2loaG42bHZv
92,https://www.instagram.com/p/DRIY-lckwkz/?igsh=OG9yOWQ1Y21yenVj
93,https://www.instagram.com/p/DRQkRf6ExcG/?igsh=MXpkZjJ0Nng5Nmow
94,https://www.instagram.com/p/DRTc_SAkxFQ/?igsh=d25meTV1eTBqZmg5
95,https://www.instagram.com/p/DRVe9aJky-_/?igsh=MWlqc2tmZTJkMmZ1OQ==
96,https://www.instagram.com/p/DVgxO3Lk2Pd/?igsh=YXJhbjBubWpubDg3
98,https://www.instagram.com/p/DRgdordk8rz/?igsh=NG9laGtqMmZ6eXE4
99,https://www.instagram.com/p/DRkNPqGEwUJ/?igsh=Z2JhamJ2c3BwMTJ4
100,https://www.instagram.com/p/DRm254jk-0r/?igsh=MWVsY2I5emNrNXZwaQ==
101,https://www.instagram.com/p/DRryrI_E2Nq/?igsh=MWl4aWxjdG95dHl1cg==
102,https://www.instagram.com/p/DRuc-XLk4vJ/?igsh=MTJiamRwNzltaHZzMw==
103,https://www.instagram.com/p/DRyP4riE3Ax/?igsh=NjB1d2k3a2Z5eGll
104,https://www.instagram.com/p/DR3NdK0ExZX/?igsh=aGxrNHN6Ymxmd3Q3
105,https://www.instagram.com/p/DR3hXcUE6TB/?igsh=MWllcDFwanhlOG44Zw==
106,https://www.instagram.com/p/DR5pqenEw0U/?igsh=cHJwMmV0ZHo3bTY2
107,https://www.instagram.com/p/DR8uQn9kmCM/?igsh=MWJ3NHBldWJxY3FkNA==
109,https://www.instagram.com/p/DR9wBhkEuZY/?igsh=Mmo0c3A0aXh4d2Y3
110,https://www.instagram.com/p/DR912VXEmXH/?igsh=bXJ3amVmY2c5dnRh
111,https://www.instagram.com/p/DR-BnSjExHa/?igsh=MWs0aXk1czRra2MycA==
112,https://www.instagram.com/p/DR-CMsJkxB1/?igsh=MWlwZ2ZoaXMzdHd4aw==
113,https://www.instagram.com/p/DR-Cp3zkz9T/?igsh=MW1jNGRpamtyb3U5aA==
114,https://www.instagram.com/p/DR-C9zXk9AP/?igsh=ZXB0MDczcnJjMTI2
115,https://www.instagram.com/p/DR-FvdAk1Vp/?igsh=MWNueHMzdm41Z2N2Zw==
116,https://www.instagram.com/p/DR-GCiDkz6J/?igsh=MTJqaHF6amtiMm9pOQ==
117,https://www.instagram.com/p/DR-Gnk-E5Bs/?igsh=MXF4ZnNyNW1oeDZtbg==
118,https://www.instagram.com/p/DZ27ndOEwl6/?igsh=eXNzcW1pbWFtaWpt
119,https://www.instagram.com/p/DUwK2PfE-yA/?igsh=NjI0dWR0emhrbGhn
120,https://www.instagram.com/p/DUyvjYGk2h2/?igsh=MWt3bXlxb3hxYzU0NA==
121,https://www.instagram.com/p/DU1UaKDE9s-/?igsh=MXRnNDI0MGpvdGU3dQ==
122,https://www.instagram.com/p/DU35Oo5k5Sv/?igsh=MW5jNzBrcnFhajJoeQ==
123,https://www.instagram.com/p/DU6d7SvE6Nr/?igsh=cWNqYWY2M2wycmo=
125,https://www.instagram.com/p/DU_nikVkzZT/?igsh=dm4zdTZmemc0aWhq
126,https://www.instagram.com/p/DVCMZXSk9k4/?igsh=ajQ1b2VhNWFudDNx
127,https://www.instagram.com/p/DVEx3bEkxTp/?igsh=Y3NldzI4YnVxcXh2
128,https://www.instagram.com/p/DVHV9PUE9UY/?igsh=MTF1Z3RzMThrM2xzaA==
130,https://www.instagram.com/p/DVMfirVE4vw/?igsh=MWprMmlxaGUxd2tpbg==
131,https://www.instagram.com/p/DVPESvyEyVf/?igsh=MWg2N2YweHBvMWhmcQ==
132,https://www.instagram.com/p/DVRpIWHk4z9/?igsh=MWp6amQ2NXphMHdjcQ==
133,https://www.instagram.com/p/DVUN9pLE48I/?igsh=bG5uem10OHFsa3By
134,https://www.instagram.com/p/DVWytx8k72w/?igsh=NDlwd3JocGMwb3pr
135,https://www.instagram.com/p/DVZXg-1k2SI/?igsh=MW5lOHE3dDQ1czRubw==
136,https://www.instagram.com/p/DVb8VcmkzS9/?igsh=MWU2N3hpd3Vpa2xteg==
161,https://www.instagram.com/p/DYbK3jwE-RO/?igsh=MTUzeDFzN2tzaTdjdA==
162,https://www.instagram.com/p/DVbrrEjEyB7/?igsh=MWI4eXZvbm51a2Ruaw==
165,https://www.instagram.com/p/DYgXU-vz9iA/?igsh=ZjR0Y3YzdzVhNTVo
166,https://www.instagram.com/p/DYi8VG5zUqF/?igsh=MXEza210a3dld2k0dw==
167,https://www.instagram.com/p/DYlcdc9z19t/?igsh=aTRxY2t0MDdsYmNt
168,https://www.instagram.com/p/DYoYgQEzzKb/?igsh=a2IxMHRrcGM2N3Zw
169,https://www.instagram.com/p/DYq6nIGTZwT/?igsh=MTlmbDhka2d6d2tsbw==
170,https://www.instagram.com/p/DZ_a3AAE9HZ/?igsh=MTc3MDZ5aWs4a2NzNw==
202,https://www.instagram.com/p/Dbe6qvvT0-8/?igsh=a3IyNjN3ejY3bW1r
203,https://www.instagram.com/p/DbfSeNXT8BP/?igsh=aDhvcTV1aGp2cTJj
204,https://www.instagram.com/p/DbfSsEIzDmd/?igsh=eWFzMzUxb3R5cmNs
205,https://www.instagram.com/p/DbfTBhATQvp/?igsh=dXMyNm1wdDM2cHc2
206,https://www.instagram.com/p/DbfTUwOzLMJ/?igsh=a2h2dTJkc2tkYWsz
207,https://www.instagram.com/p/DbfT1HkzHTW/?igsh=bGdvaHh2NmpjajVt
208,https://www.instagram.com/p/DbfUL9wT4Gj/?igsh=MWE0d2NvZG14NnFsMA==
209,https://www.instagram.com/p/DbfUjxVz-yN/?igsh=YWd3YjVpa3VjOTY=
210,https://www.instagram.com/p/DbfVaV2TNTw/?igsh=MWZsOXR2Z3BnZ3ZvaA==
211,https://www.instagram.com/p/DbfV1IpTXB-/?igsh=eTJjZDhmb214Zzl4
212,https://www.instagram.com/p/DbfW8P9T53F/?igsh=eGxyeGxxd3k4Z3Fv
213,https://www.instagram.com/p/Dbfu0j1zNPk/?igsh=N2l3eTBrdGV6d2Ix
214,https://www.instagram.com/p/DbfwYe-T6re/?igsh=aTEyenRjcXN1N3No
215,https://www.instagram.com/p/DbfxaoNTZFT/?igsh=MWo4OHR6Mm42eXR6Nw==
216,https://www.instagram.com/p/Dbfy7r-zAIx/?igsh=MXhnbGdvZnBjeTIzMQ==
217,https://www.instagram.com/p/DbgCdM4z7vv/?igsh=djZ3MG85dzFybmF1
219,https://www.instagram.com/p/Dbh20zTz8dS/?igsh=dDdkZjFpeGI2cDNv
221,https://www.instagram.com/p/Dbh3JspTRSg/?igsh=MW1wYnpmN2QwdGZuZg==
224,https://www.instagram.com/p/DbqyaCzTWLO/?igsh=ZjBpaXNseGtqMmU3
225,https://www.instagram.com/p/Db1Am_wT9Vo/?igsh=c3FxajFtY2x2dGNw
226,https://www.instagram.com/p/DbxBCEpz6nX/?igsh=MTR3ZW9neWN0OHg1dQ==
230,https://www.instagram.com/p/DblOorpz9QL/?igsh=bmkyZ3ptMzRwNHR1
231,https://www.instagram.com/p/Dbj52INz0k6/?igsh=cmh4ZWtkYXowcGM0
232,https://www.instagram.com/p/Dbj3ixGTAut/?igsh=dG82dnBrcm5tdmRp
234,https://www.instagram.com/p/DblzDWMzaNa/?igsh=MTRzNGxvc3VnbXgzMQ==
235,https://www.instagram.com/p/DblyZu8TYjF/?igsh=aXZhbnFqZWRzMTNr
236,https://www.instagram.com/p/DblxzAQzoRE/?igsh=cGZiZ21zMmY0Mm9o
237,https://www.instagram.com/p/DblshFrTDrs/?igsh=OGJzY2poazI1Mm51
244,https://www.instagram.com/p/DbyciJqz0S5/?igsh=ZXVndGZkamF0aDJn
247,https://www.instagram.com/p/DbuW3pFzlTQ/?igsh=dHBqZ20ybnppd3Fn
